City_ID,City,Lat,Lng,Max Temp,Humidity,Cloudiness,Wind Speed,Country,Date
0,maceio,-9.6658,-35.7353,28.69,69,20,6.17,BR,1680035896
1,mataura,-46.1927,168.8643,6.93,66,36,0.86,NZ,1680035748
2,bredasdorp,-34.5322,20.0403,16.65,75,72,5.94,ZA,1680035752
3,mubi,10.2676,13.2644,27.11,15,64,2.85,NG,1680035896
4,jamestown,42.097,-79.2353,7.79,51,20,4.63,US,1680035897
5,hithadhoo,-0.6,73.0833,28.09,75,100,2.12,MV,1680035897
6,port alfred,-33.5906,26.891,18.59,79,100,9.27,ZA,1680035897
7,qaanaaq,77.484,-69.3632,-22.89,68,89,2.26,GL,1680035754
8,bluff,-46.6,168.3333,7.11,63,85,4.57,NZ,1680035897
9,ushuaia,-54.8,-68.3,4.79,87,75,8.23,AR,1680035897
10,albany,42.6001,-73.9662,9.88,47,29,0.45,US,1680035877
11,talara,-4.5772,-81.2719,28.42,74,40,6.69,PE,1680035898
12,rikitea,-23.1203,-134.9692,26.81,75,100,5.23,PF,1680035746
13,mayo,38.8876,-76.5119,14.72,47,75,5.14,US,1680035848
14,fortuna,40.5982,-124.1573,11.19,91,87,5.7,US,1680035542
15,bethel,41.3712,-73.414,10.86,41,100,4.12,US,1680035638
16,cape town,-33.9258,18.4232,17.83,78,75,5.66,ZA,1680035464
17,pangody,65.85,74.4859,-14.24,97,100,2.29,RU,1680035899
18,hermanus,-34.4187,19.2345,15.45,80,100,5.0,ZA,1680035768
19,greenville,35.6127,-77.3663,20.09,56,75,2.06,US,1680035899
20,hobart,-42.8794,147.3294,13.48,98,75,1.54,AU,1680035780
21,sechura,-5.5569,-80.8222,29.01,65,97,5.88,PE,1680035899
22,osakarovka,50.565,72.5692,0.29,72,0,2.8,KZ,1680035899
23,banda aceh,5.5577,95.3222,26.29,80,71,1.14,ID,1680035797
24,hasaki,35.7333,140.8333,8.45,75,85,6.28,JP,1680035900
25,georgetown,5.4112,100.3354,26.96,94,20,0.0,MY,1680035748
26,buin,-33.7333,-70.75,29.13,20,0,4.02,CL,1680035900
27,languyan,5.2618,120.0807,25.99,83,82,3.29,PH,1680035900
28,atuona,-9.8,-139.0333,27.12,77,28,5.85,PF,1680035771
29,abu dhabi,24.4667,54.3667,26.08,51,0,3.6,AE,1680035515
30,praia da vitoria,38.7333,-27.0667,15.14,82,75,12.42,PT,1680035900
31,portland,45.5234,-122.6762,10.85,83,100,6.69,US,1680035313
32,kapaa,22.0752,-159.319,26.72,78,0,5.66,US,1680035544
33,leningradskiy,69.3833,178.4167,-14.93,81,0,3.13,RU,1680035775
34,thompson,55.7435,-97.8558,-11.91,52,100,5.66,CA,1680035570
35,leua,48.2156,18.6071,2.5,62,4,4.68,SK,1680035901
36,punta arenas,-53.15,-70.9167,7.01,61,40,9.77,CL,1680035607
37,kavieng,-2.5744,150.7967,27.01,76,99,0.45,PG,1680035789
38,chekalin,54.0969,36.245,7.27,72,100,6.53,RU,1680035902
39,kruisfontein,-34.0033,24.7314,15.48,82,40,9.82,ZA,1680035791
40,buala,-8.145,159.5921,27.2,82,99,1.82,SB,1680035902
41,kodiak,57.79,-152.4072,5.73,75,0,0.0,US,1680035549
42,naze,28.3667,129.4833,15.51,75,82,5.02,JP,1680035680
43,hilo,19.7297,-155.09,27.93,80,100,5.14,US,1680035742
44,sakaiminato,35.55,133.2333,2.99,100,20,1.54,JP,1680035902
45,bilibino,68.0546,166.4372,-22.65,93,8,1.42,RU,1680035534
46,meaford,44.6001,-80.583,7.68,57,56,2.49,CA,1680035902
47,shingu,33.7333,135.9833,8.0,63,51,2.36,JP,1680035903
48,puyang,29.4603,119.8861,11.36,65,100,0.54,CN,1680035903
49,altay,47.8667,88.1167,2.53,64,4,2.95,CN,1680035903
50,saint-georges,12.0564,-61.7485,27.82,74,40,9.26,GD,1680035903
51,sobolevo,54.4299,31.8996,6.87,86,100,4.85,RU,1680035806
52,novosysoyevka,44.235,133.3642,-0.37,71,0,1.37,RU,1680035904
53,tessalit,20.1986,1.0114,27.83,7,0,5.21,ML,1680035904
54,bafra,41.5678,35.9069,7.9,92,100,4.09,TR,1680035904
55,mattawa,46.7379,-119.9028,11.12,39,100,8.4,US,1680035904
56,nortelandia,-14.4547,-56.8028,27.14,82,98,0.54,BR,1680035904
57,mahanoro,-19.9,48.8,24.25,90,100,4.97,MG,1680035776
58,asau,46.4333,26.4,0.71,79,83,1.35,RO,1680035791
59,ponta do sol,32.6667,-17.1,24.51,18,88,1.48,PT,1680035756
60,bosaso,11.2842,49.1816,28.04,74,92,0.91,SO,1680035905
61,chabahar,25.2919,60.643,24.45,77,0,7.66,IR,1680035905
62,melilla,35.2937,-2.9383,17.21,77,0,2.06,ES,1680035688
63,avera,33.194,-82.5271,23.08,62,100,5.15,US,1680035838
64,chuy,-33.6971,-53.4616,22.85,61,14,3.48,UY,1680035796
65,kaitangata,-46.2817,169.8464,7.09,66,99,0.56,NZ,1680035769
66,gamut,8.5303,126.2422,22.81,96,100,0.73,PH,1680035906
67,juneau,58.3019,-134.4197,4.0,100,75,3.6,US,1680035746
68,ville-marie,47.3335,-79.433,0.64,84,98,2.42,CA,1680035906
69,norman wells,65.282,-126.8329,3.02,44,75,8.23,CA,1680035774
70,itarema,-2.9248,-39.9167,25.55,84,96,3.26,BR,1680035906
71,barrow,71.2906,-156.7887,-15.99,78,0,5.66,US,1680035682
72,giyon,8.5333,37.9833,15.67,84,85,1.83,ET,1680035906
73,raga,8.4596,25.678,27.63,23,91,1.58,SS,1680035907
74,soc trang,9.6033,105.98,25.75,79,66,3.85,VN,1680035907
75,laguna,38.421,-121.4238,10.6,89,100,5.66,US,1680035775
76,hirara,24.8,125.2833,20.92,83,75,3.09,JP,1680035908
77,lavrentiya,65.5833,-171.0,-5.01,95,100,4.92,RU,1680035816
78,karratha,-20.7377,116.8463,28.04,74,99,1.84,AU,1680035811
79,avarua,-21.2078,-159.775,24.03,94,100,5.14,CK,1680035751
80,carnarvon,-24.8667,113.6333,23.96,70,98,1.37,AU,1680035776
81,saint-philippe,-21.3585,55.7679,23.77,68,98,1.68,RE,1680035767
82,hereford,52.0568,-2.7148,9.47,94,100,2.96,GB,1680035908
83,kpandae,8.4689,-0.0113,31.31,45,80,0.81,GH,1680035908
84,saint-joseph,-21.3667,55.6167,23.21,67,93,0.94,RE,1680035820
85,hamilton,39.1834,-84.5333,11.47,51,100,4.12,US,1680035788
86,ust-koksa,50.2696,85.6108,-0.06,89,3,0.52,RU,1680035909
87,la ronge,55.1001,-105.2842,-9.86,29,0,3.09,CA,1680035790
88,khatanga,71.9667,102.5,-22.97,96,100,5.86,RU,1680035758
89,new norfolk,-42.7826,147.0587,13.28,91,80,1.0,AU,1680035746
90,butaritari,3.0707,172.7902,27.52,80,26,6.27,KI,1680035750
91,kokoda,-8.8785,147.7407,23.43,89,55,0.88,PG,1680035909
92,cordoba,-31.4135,-64.1811,33.01,43,20,7.2,AR,1680035906
93,sal rei,16.1833,-22.9167,23.17,77,0,4.45,CV,1680035677
94,vaini,-21.2,-175.2,27.09,89,20,4.63,TO,1680035910
95,utete,-7.986,38.758,22.95,95,89,0.86,TZ,1680035910
96,ati,13.2154,18.3353,30.65,18,79,5.2,TD,1680035910
97,abha,18.2164,42.5053,14.9,77,0,0.0,SA,1680035910
98,comodoro rivadavia,-45.8667,-67.5,15.92,25,75,3.09,AR,1680035848
99,luganville,-15.5333,167.1667,26.74,80,100,1.68,VU,1680035871
100,tuktoyaktuk,69.4541,-133.0374,-8.0,79,100,5.14,CA,1680035679
101,matara,5.9485,80.5353,24.75,89,32,1.8,LK,1680035803
102,stara zagora,42.4328,25.6419,4.89,51,100,5.19,BG,1680035911
103,upernavik,72.7868,-56.1549,-26.81,92,32,3.57,GL,1680035532
104,beboto,8.2668,16.939,29.05,20,98,2.12,TD,1680035911
105,mar del plata,-38.0023,-57.5575,29.41,49,0,6.69,AR,1680035780
106,tecoanapa,16.5167,-98.75,29.63,58,0,4.98,MX,1680035911
107,katsuura,35.1333,140.3,10.01,83,91,4.92,JP,1680035748
108,okhotsk,59.3833,143.3,-9.84,95,100,2.31,RU,1680035755
109,faanui,-16.4833,-151.75,28.35,72,92,5.24,PF,1680035826
110,ust-nera,64.5667,143.2,-8.85,96,100,2.3,RU,1680035814
111,marihatag,8.7936,126.2969,24.23,89,97,2.04,PH,1680035912
112,smithers,54.7804,-127.1743,4.18,38,0,0.0,CA,1680035912
113,mount isa,-20.7333,139.5,19.87,88,9,0.0,AU,1680035805
114,kahului,20.8947,-156.47,26.65,70,40,3.58,US,1680035835
115,balakliya,49.4627,36.8595,10.3,88,100,5.13,UA,1680035912
116,geraldton,-28.7667,114.6,23.23,68,71,5.14,AU,1680035912
117,zhigansk,66.7697,123.3711,-26.63,97,32,5.87,RU,1680035772
118,schellenberg,47.2312,9.5468,5.75,74,100,2.68,LI,1680035913
119,alice springs,-23.7,133.8833,21.75,83,40,4.12,AU,1680035803
120,lucapa,-8.4192,20.7447,19.31,94,100,0.45,AO,1680035913
121,ilulissat,69.2167,-51.1,-10.99,73,75,2.06,GL,1680035765
122,makakilo city,21.3469,-158.0858,27.18,74,75,4.63,US,1680035913
123,port lincoln,-34.7333,135.8667,16.78,79,19,7.27,AU,1680035829
124,talnakh,69.4865,88.3972,-26.73,98,99,3.19,RU,1680035591
125,otane,-39.8833,176.6333,9.45,64,8,5.72,NZ,1680035913
126,victoria,22.2855,114.1577,19.55,92,100,4.92,HK,1680035674
127,sorong,-0.8833,131.25,25.36,84,100,1.5,ID,1680035914
128,ribeira grande,38.5167,-28.7,15.43,77,75,10.73,PT,1680035746
129,port elizabeth,-33.918,25.5701,17.16,89,0,15.95,ZA,1680035781
130,puerto ayora,-0.7393,-90.3518,30.98,87,59,3.13,EC,1680035748
131,busselton,-33.65,115.3333,12.32,81,56,5.08,AU,1680035763
132,kjollefjord,70.9457,27.3465,-1.97,93,75,2.06,NO,1680035914
133,lebu,-37.6167,-73.65,14.74,64,3,4.38,CL,1680035764
134,tiksi,71.6872,128.8694,-24.97,95,94,5.24,RU,1680035756
135,tuatapere,-46.1333,167.6833,7.01,66,21,2.49,NZ,1680035809
136,baramati,18.15,74.5833,24.72,50,6,3.74,IN,1680035914
137,mildura,-34.2,142.15,15.04,93,0,5.37,AU,1680035915
138,paamiut,61.994,-49.6678,-6.85,71,26,3.03,GL,1680035823
139,vestmannaeyjar,63.4427,-20.2734,1.74,69,100,11.63,IS,1680035854
140,wajima,37.4,136.9,7.28,68,0,2.67,JP,1680035915
141,dingle,10.9995,122.6711,23.89,92,100,3.23,PH,1680035794
142,esperance,-33.8667,121.9,14.93,87,52,3.13,AU,1680035797
143,polyarnyy,69.1989,33.4478,-14.51,95,19,2.33,RU,1680035915
144,tekeli,44.83,78.8239,4.74,41,0,4.73,KZ,1680035915
145,black river,18.0264,-77.8487,27.56,67,12,5.14,JM,1680035677
146,hammond,41.5834,-87.5,11.33,46,0,6.69,US,1680035916
147,kulhudhuffushi,6.6221,73.07,27.45,75,43,2.16,MV,1680035916
148,yudong,29.385,106.5194,15.83,87,100,0.13,CN,1680035916
149,castro,-24.7911,-50.0119,20.28,89,44,1.59,BR,1680035916
150,havre-saint-pierre,50.2334,-63.5986,1.0,93,40,2.57,CA,1680035793
151,mahebourg,-20.4081,57.7,24.16,83,20,1.54,MU,1680035681
152,meulaboh,4.1363,96.1285,24.64,87,96,1.04,ID,1680035764
153,arman,59.7,150.1667,-14.99,99,100,1.58,RU,1680035821
154,airai,-8.9266,125.4092,14.52,90,96,0.7,TL,1680035783
155,placido de castro,-10.3353,-67.1856,27.82,72,98,1.05,BR,1680035916
156,chokurdakh,70.6333,147.9167,-17.16,93,100,8.48,RU,1680035761
157,provideniya,64.3833,-173.3,-2.94,93,100,10.0,RU,1680035750
158,iqaluit,63.7506,-68.5145,-9.15,78,100,6.17,CA,1680035372
159,cidreira,-30.1811,-50.2056,23.16,76,0,7.5,BR,1680035655
160,tabuk,17.4189,121.4443,21.62,95,75,0.87,PH,1680035918
161,teguise,29.0605,-13.564,20.12,68,0,2.57,ES,1680035874
162,goksun,38.021,36.4973,6.4,94,100,6.01,TR,1680035918
163,nauta,-4.5061,-73.5757,24.78,96,96,1.17,PE,1680035918
164,acara,-1.9608,-48.1967,24.23,98,100,1.45,BR,1680035918
165,saint-paul,-21.0096,55.2707,24.06,90,63,0.89,RE,1680035918
166,tezu,27.9167,96.1667,17.52,69,81,1.86,IN,1680035919
167,nanga eboko,4.6833,12.3667,24.49,71,89,1.96,CM,1680035919
168,tazovskiy,67.4667,78.7,-17.73,98,100,1.89,RU,1680035919
169,niamey,13.5137,2.1098,35.16,8,44,3.09,NE,1680035919
170,qasigiannguit,68.8193,-51.1922,-10.86,99,6,0.61,GL,1680035784
171,ucluelet,48.9329,-125.5528,15.17,31,17,0.45,CA,1680035919
172,klaksvik,62.2266,-6.589,4.51,66,100,12.36,FO,1680035919
173,yellowknife,62.456,-114.3525,-12.71,72,100,5.14,CA,1680035774
174,namatanai,-3.6667,152.4333,26.67,80,98,1.44,PG,1680035764
175,saskylakh,71.9167,114.0833,-29.41,97,88,2.97,RU,1680035781
176,los llanos de aridane,28.6585,-17.9182,18.86,78,0,4.12,ES,1680035853
177,tigil,57.8,158.6667,-9.77,92,100,3.78,RU,1680035920
178,clyde river,70.4692,-68.5914,-21.87,77,75,1.03,CA,1680035801
179,ancud,-41.8697,-73.8203,8.64,84,100,8.78,CL,1680035815
180,shakawe,-18.3667,21.85,18.39,92,82,1.8,BW,1680035920
181,mogzon,51.7435,111.9606,-0.58,86,100,4.55,RU,1680035921
182,touros,-5.1989,-35.4608,25.92,80,95,3.76,BR,1680035556
183,bellegarde-sur-valserine,46.1079,5.8242,9.62,60,100,1.26,FR,1680035921
184,isabela,6.7085,121.9711,25.24,88,100,0.53,PH,1680035921
185,kautokeino,69.0125,23.0412,-22.7,99,12,1.21,NO,1680035921
186,rafaela,-31.2503,-61.4867,31.66,36,0,1.79,AR,1680035739
187,paddhari,22.4333,70.6,23.98,66,0,4.16,IN,1680035921
188,sao joao da barra,-21.6403,-41.0511,28.05,82,36,4.02,BR,1680035559
189,vryburg,-26.9566,24.7284,17.85,66,3,4.58,ZA,1680035922
190,lima,-12.0432,-77.0282,26.14,65,0,6.69,PE,1680035317
191,kiria,41.1,24.2833,6.93,71,92,2.34,GR,1680035922
192,bintulu,3.1667,113.0333,25.23,100,40,1.03,MY,1680035922
193,oyotun,-6.8519,-79.3036,26.93,79,99,2.66,PE,1680035922
194,pringsewu,-5.3582,104.9744,23.16,97,100,0.56,ID,1680035857
195,duzce,40.8389,31.1639,5.63,97,100,1.01,TR,1680035923
196,tasiilaq,65.6145,-37.6368,-10.91,76,0,2.05,GL,1680035804
197,liberal,37.0431,-100.921,10.58,21,0,0.0,US,1680035923
198,nanortalik,60.1432,-45.2371,-1.26,80,15,2.32,GL,1680035749
199,thinadhoo,0.5333,72.9333,27.83,77,87,1.88,MV,1680035923
200,kavaratti,10.5669,72.642,26.98,72,15,2.16,IN,1680035802
201,mount gambier,-37.8333,140.7667,11.14,91,29,2.08,AU,1680035596
202,nikolskoye,59.7035,30.7861,1.55,98,100,3.62,RU,1680035766
203,cherskiy,68.75,161.3,-11.83,64,100,9.07,RU,1680035590
204,college,64.8569,-147.8028,-1.34,71,75,5.66,US,1680035755
205,albacete,38.8333,-2.0,13.45,54,0,3.6,ES,1680035924
206,bengkulu,-3.8004,102.2655,24.25,91,99,3.16,ID,1680035754
207,gizo,-8.103,156.8419,27.9,76,100,2.02,SB,1680035924
208,nemuro,43.3236,145.575,1.74,84,0,4.15,JP,1680035817
209,concepcion del oro,24.6333,-101.4167,26.88,17,39,4.7,MX,1680035924
210,severo-kurilsk,50.6789,156.125,-1.15,78,47,5.4,RU,1680035532
211,pilar,-9.5972,-35.9567,27.96,80,4,3.66,BR,1680035924
212,puhja,58.3419,26.3147,-1.98,89,100,2.12,EE,1680035925
213,lishu,43.3047,124.3278,4.92,49,0,5.56,CN,1680035925
214,vao,-22.6667,167.4833,24.76,78,90,6.91,NC,1680035925
215,vanimo,-2.6741,141.3028,25.04,85,100,1.35,PG,1680035850
216,namie,37.4833,141.0,7.63,79,99,1.88,JP,1680035925
217,neiafu,-18.65,-173.9833,28.38,78,75,4.63,TO,1680035836
218,urbana,40.1106,-88.2073,12.25,44,0,5.14,US,1680035645
219,foz do iguacu,-25.5478,-54.5881,32.44,55,75,3.09,BR,1680035926
220,charters towers,-20.1,146.2667,21.0,91,11,1.88,AU,1680035926
221,mehran,33.1222,46.1646,18.22,66,0,3.63,IR,1680035926
222,caravelas,-17.7125,-39.2481,25.07,77,0,2.68,BR,1680035779
223,moree,-29.4667,149.85,22.43,77,100,4.11,AU,1680035927
224,nove hrady,48.7896,14.7784,-0.26,65,67,1.67,CZ,1680035927
225,longyearbyen,78.2186,15.6401,-16.09,78,75,4.63,SJ,1680035759
226,belaya gora,68.5333,146.4167,-16.24,93,97,7.63,RU,1680035927
227,kampot,10.6167,104.1833,27.03,84,67,2.39,KH,1680035927
228,mokrousovo,55.8103,66.7653,4.13,92,100,3.85,RU,1680035928
229,nome,64.5011,-165.4064,-9.96,85,100,6.17,US,1680035780
230,turukhansk,65.8167,87.9833,-18.42,90,100,2.9,RU,1680035928
231,saldanha,-33.0117,17.9442,17.03,86,99,9.09,ZA,1680035753
232,mao,39.8885,4.2658,12.31,82,20,2.06,ES,1680035928
233,devonport,-41.1667,146.35,12.23,97,14,2.97,AU,1680035928
234,magadan,59.5667,150.8,-15.26,100,97,0.39,RU,1680035928
235,oussouye,12.485,-16.5469,29.1,49,8,3.11,SN,1680035928
236,bambous virieux,-20.3428,57.7575,24.14,83,20,1.54,MU,1680035779
237,arraial do cabo,-22.9661,-42.0278,25.98,78,75,3.6,BR,1680035533
238,road town,18.4167,-64.6167,28.05,69,40,3.6,VG,1680035839
239,odweyne,9.4092,45.064,24.45,65,11,0.25,SO,1680035929
240,bandrele,-12.9067,45.1914,26.86,89,0,1.54,YT,1680035929
241,erdenet,49.0333,104.0833,0.77,48,26,1.9,MN,1680035929
242,aykhal,66.0,111.5,-25.43,100,100,1.26,RU,1680035929
243,san juan,-31.5375,-68.5364,31.88,32,0,3.54,AR,1680035770
244,lata,40.1629,-8.3327,18.29,58,100,1.31,PT,1680035849
245,marang,5.2056,103.2059,25.95,87,30,0.91,MY,1680035847
246,shu,43.5983,73.7614,10.3,48,0,2.52,KZ,1680035930
247,harlingen,26.1906,-97.6961,21.05,97,100,9.77,US,1680035930
248,tommot,58.9564,126.2925,-1.78,98,100,1.67,RU,1680035795
249,havelock,34.8791,-76.9013,17.97,59,75,4.63,US,1680035820
250,balkanabat,39.5108,54.3671,14.2,66,1,1.25,TM,1680035930
251,bairiki,1.3292,172.9752,28.0,89,20,3.09,KI,1680035930
252,whitianga,-36.8333,175.7,11.64,72,18,4.08,NZ,1680035931
253,chapais,49.7834,-74.8492,-1.12,67,100,1.47,CA,1680035764
254,cayenne,4.9333,-52.3333,24.02,94,100,4.12,GF,1680035735
255,aberdeen,57.1437,-2.0981,6.27,96,100,3.09,GB,1680035795
256,preobrazheniye,42.9019,133.9064,1.42,64,0,2.36,RU,1680035931
257,north myrtle beach,33.816,-78.68,22.43,70,0,3.6,US,1680035931
258,kidal,18.4411,1.4078,27.41,7,0,5.51,ML,1680035765
259,rostovka,55.3842,71.8891,2.23,84,43,5.1,RU,1680035931
260,emba,48.8264,58.1442,12.45,43,100,4.02,KZ,1680035931
261,alta,69.9689,23.2717,-9.41,62,0,3.6,NO,1680035932
262,vila real,41.3006,-7.7441,16.69,49,100,0.43,PT,1680035932
263,wadi musa,30.3222,35.4793,14.24,35,0,1.34,JO,1680035932
264,flinders,-34.5833,150.8552,19.54,90,93,1.79,AU,1680035932
265,henties bay,-22.116,14.2845,16.72,93,5,2.85,NA,1680035932
266,bokovskaya,49.229,41.8306,10.02,73,100,5.78,RU,1680035932
267,pisco,-13.7,-76.2167,27.03,69,0,7.72,PE,1680035933
268,dikson,73.5069,80.5464,-24.39,95,100,5.79,RU,1680035756
269,motygino,58.1831,94.7592,1.94,100,100,5.48,RU,1680035933
270,valparaiso,-33.0393,-71.6273,22.13,57,0,5.14,CL,1680035764
271,san patricio,28.017,-97.5169,23.97,48,100,9.73,US,1680035778
272,lagoa,39.05,-27.9833,14.46,78,3,16.38,PT,1680035934
273,vostok,46.4856,135.8833,-4.6,81,3,2.41,RU,1680035934
274,general pico,-35.6566,-63.7568,29.69,42,0,4.96,AR,1680035934
275,panjab,34.388,67.0233,1.28,88,90,2.08,AF,1680035934
276,kovvur,17.0167,81.7333,24.98,87,80,1.53,IN,1680035934
277,ciamis,-7.3257,108.3534,23.05,97,100,0.7,ID,1680035934
278,harrison,30.4091,-89.0436,27.04,60,20,4.63,US,1680035934
279,komsomolskiy,40.4272,71.7189,13.4,47,96,5.14,UZ,1680035759
280,changji,44.0167,87.3167,8.44,53,0,1.0,CN,1680035935
281,slyudyanka,51.6594,103.7061,2.03,96,100,0.43,RU,1680035935
282,vila velha,-20.3297,-40.2925,24.97,88,75,5.66,BR,1680035725
283,fort nelson,58.8053,-122.7002,5.77,33,75,3.6,CA,1680035832
284,fairbanks,64.8378,-147.7164,-1.33,71,100,5.66,US,1680035700
285,bilma,18.6853,12.9164,26.3,13,0,2.85,NE,1680035769
286,rabo de peixe,37.8,-25.5833,14.73,88,40,8.75,PT,1680035818
287,seoul,37.5683,126.9778,2.78,94,20,1.54,KR,1680035935
288,namibe,-15.1961,12.1522,24.27,89,99,3.17,AO,1680035750
289,yuzhno-kurilsk,44.0306,145.8556,0.67,88,22,3.07,RU,1680035936
290,abalak,58.1286,68.5944,5.03,94,100,4.61,RU,1680035936
291,noumea,-22.2763,166.4572,26.67,99,94,3.77,NC,1680035936
292,sinnamary,5.3833,-52.95,25.13,85,88,5.66,GF,1680035755
293,hualmay,-11.0964,-77.6139,26.01,69,100,3.79,PE,1680035784
294,bajos de haina,18.4154,-70.0332,31.96,69,20,5.14,DO,1680035753
295,aklavik,68.2191,-135.0107,-3.0,74,75,1.54,CA,1680035814
296,sao paulo de olivenca,-3.3783,-68.8725,27.82,67,83,1.18,BR,1680035937
297,plettenberg bay,-34.0527,23.3716,16.72,82,34,5.1,ZA,1680035937
298,east london,-33.0153,27.9116,20.99,74,78,8.95,ZA,1680035760
299,cabo san lucas,22.8909,-109.9124,27.56,49,75,5.14,MX,1680035526
300,gat,31.61,34.7642,20.78,41,0,1.45,IL,1680035799
301,rubtsovsk,51.5,81.25,1.71,93,4,2.95,RU,1680035937
302,williamsport,41.2412,-77.0011,11.96,39,75,2.57,US,1680035687
303,ponta delgada,37.7333,-25.6667,15.4,88,40,8.75,PT,1680035938
304,srivardhan,18.0333,73.0167,23.22,78,4,1.97,IN,1680035938
305,amalapuram,16.5833,82.0167,24.88,87,31,1.28,IN,1680035938
306,huambo,-12.7761,15.7392,16.22,93,100,1.92,AO,1680035938
307,morelia,19.7008,-101.1844,29.52,12,0,2.86,MX,1680035938
308,tilichiki,60.4667,166.1,-10.43,92,28,2.58,RU,1680035590
309,bardiyah,31.7561,25.0865,15.49,73,0,9.09,LY,1680035829
310,saldus,56.6636,22.4881,-2.06,74,62,5.34,LV,1680035938
311,husavik,66.0449,-17.3389,-6.62,86,96,5.07,IS,1680035652
312,kusti,13.1629,32.6635,28.05,9,78,5.49,SD,1680035939
313,boddam,57.4667,-1.7833,6.21,94,100,5.71,GB,1680035939
314,pokosnoye,55.5258,101.0536,1.9,98,100,4.43,RU,1680035939
315,saint george,37.1041,-113.5841,17.92,15,0,6.17,US,1680035759
316,udachnyy,66.4167,112.4,-28.78,100,100,1.39,RU,1680035802
317,espinosa,-14.9261,-42.8192,28.24,25,100,2.3,BR,1680035940
318,pevek,69.7008,170.3133,-16.17,80,13,7.76,RU,1680035758
319,ulaanbaatar,47.9077,106.8832,-5.93,73,0,1.0,MN,1680035799
320,nouadhibou,20.931,-17.0347,18.99,88,27,7.72,MR,1680035748
321,souillac,-20.5167,57.5167,24.21,83,20,1.54,MU,1680035796
322,tura,25.5198,90.2201,21.14,70,48,1.72,IN,1680035940
323,lanzhou,36.0564,103.7922,9.4,48,80,1.12,CN,1680035940
324,natalio,-26.7167,-55.0833,30.16,48,99,0.61,PY,1680035940
325,santa cruz cabralia,-16.2781,-39.0247,27.13,69,40,3.6,BR,1680035940
326,srednekolymsk,67.45,153.6833,-14.14,82,80,3.1,RU,1680035796
327,dauphin,51.1494,-100.0502,-7.92,53,40,10.29,CA,1680035941
328,maxixe,-23.8597,35.3472,20.26,67,0,2.41,MZ,1680035941
329,yulara,-25.2406,130.9889,21.28,74,99,4.7,AU,1680035800
330,skibbereen,51.55,-9.2667,11.17,95,100,3.69,IE,1680035941
331,reconquista,-29.15,-59.65,31.74,40,0,2.49,AR,1680035941
332,takoradi,4.8845,-1.7554,27.42,82,16,3.57,GH,1680035856
333,vigrestad,58.5667,5.7,2.82,95,100,2.78,NO,1680035942
334,manggar,-2.8833,108.2667,25.87,84,65,2.2,ID,1680035942
335,sitka,57.0531,-135.33,4.94,75,100,3.6,US,1680035809
336,seddon,-37.8068,144.8916,16.97,84,75,4.63,AU,1680035942
337,kiama,-34.6833,150.8667,19.65,90,97,1.34,AU,1680035942
338,usolye,59.4268,56.6808,-5.88,86,33,3.68,RU,1680035943
339,port macquarie,-31.4333,152.9167,19.38,94,100,4.05,AU,1680035943
340,wencheng,33.0559,113.7978,10.21,55,34,1.11,CN,1680035944
341,kyra,49.5776,111.9753,-1.75,76,69,2.08,RU,1680035944
342,manuk mangkaw,4.8,119.85,27.01,80,100,4.92,PH,1680035944
343,nouakchott,18.0858,-15.9785,23.96,61,0,6.47,MR,1680035944
344,promyshlennyy,67.5833,63.9167,-17.25,96,99,5.31,RU,1680035945
345,ostrovnoy,68.0531,39.5131,-12.6,94,76,4.03,RU,1680035654
346,antalaha,-14.9003,50.2788,24.52,89,85,1.31,MG,1680035798
347,poli,-3.3333,36.8,16.48,92,100,0.55,TZ,1680035945
348,honningsvag,70.9821,25.9704,-2.14,86,75,2.06,NO,1680035787
349,paranhos,-23.8928,-55.4311,25.86,81,35,2.51,BR,1680035946
350,chumikan,54.7183,135.315,-2.44,91,100,1.44,RU,1680035946
351,darnah,32.767,22.6367,15.1,70,0,11.35,LY,1680035946
352,ovalle,-30.5983,-71.2003,28.63,40,0,3.05,CL,1680035352
353,lac du bonnet,50.2536,-96.0612,-8.43,67,100,4.01,CA,1680035805
354,fowa,8.9167,6.4,31.01,15,16,0.93,NG,1680035946
355,pujehun,7.3581,-11.7208,26.52,78,9,1.74,SL,1680035946
356,flin flon,54.7682,-101.865,-10.09,37,0,5.66,CA,1680035843
357,dong xoai,11.5333,106.9167,23.06,92,76,1.13,VN,1680035947
358,dimbokro,6.6451,-4.7048,26.64,72,86,1.71,CI,1680035947
359,troitskoye,52.9821,84.6757,0.27,99,100,2.26,RU,1680035947
360,lazaro cardenas,17.9583,-102.2,28.62,52,0,4.7,MX,1680035948
361,male,4.1748,73.5089,27.97,89,40,2.57,MV,1680035948
362,narodychi,51.2029,29.0823,-1.91,92,100,10.44,UA,1680035949
363,rio brilhante,-21.8019,-54.5464,26.52,81,3,2.47,BR,1680035949
364,mendi,-6.1761,143.6513,10.83,94,97,1.79,PG,1680035949
365,wilmington,34.2257,-77.9447,20.48,64,0,5.66,US,1680035773
366,sao filipe,14.8961,-24.4956,24.56,68,0,5.4,CV,1680035763
367,tianpeng,30.9866,103.9393,11.26,86,100,1.15,CN,1680035950
368,nalut,30.3333,10.85,17.62,37,5,9.7,LY,1680035950
369,melo,-32.3667,-54.1833,26.86,32,12,2.95,UY,1680035950
370,port hawkesbury,45.6169,-61.3485,1.77,91,100,6.26,CA,1680035950
371,aksay,47.26,39.87,11.25,89,100,2.68,RU,1680035950
372,tautira,-17.7333,-149.15,27.12,78,84,3.9,PF,1680035821
373,santa marta,11.2408,-74.199,34.03,56,20,8.49,CO,1680035825
374,teopantlan,18.7167,-98.2667,32.36,22,0,4.93,MX,1680035951
375,hobyo,5.3505,48.5268,28.06,72,23,5.51,SO,1680035951
376,lerwick,60.1545,-1.1494,5.0,71,100,5.95,GB,1680035843
377,ghanzi,-21.5667,21.7833,18.82,79,31,2.96,BW,1680035951
378,prado,-17.3411,-39.2208,25.36,78,0,3.39,BR,1680035952
379,hidas,46.2568,18.4954,1.36,54,60,4.32,HU,1680035952
380,victoria point,-27.5833,153.3,24.95,91,87,0.89,AU,1680035952
381,west lafayette,40.4259,-86.9081,10.88,45,0,5.14,US,1680035953
382,soto la marina,23.7667,-98.2167,31.12,50,81,5.5,MX,1680035953
383,vagur,61.4732,-6.8119,5.05,71,100,12.6,FO,1680035953
384,broken hill,-31.95,141.4333,15.48,75,2,4.63,AU,1680035791
385,coquimbo,-29.9533,-71.3436,19.85,72,20,5.66,CL,1680035790
386,codrington,-38.2667,141.9667,13.48,79,48,3.79,AU,1680035805
387,hambantota,6.1241,81.1185,25.1,78,23,2.08,LK,1680035953
388,port hardy,50.6996,-127.4199,9.0,71,0,3.6,CA,1680035756
389,albanel,48.8832,-72.4487,0.08,59,100,2.06,CA,1680035954
390,sistranda,63.7256,8.834,-2.02,57,0,7.05,NO,1680035772
391,yazoo city,32.8551,-90.4056,18.84,54,100,7.09,US,1680035954
392,togur,58.3631,82.8265,3.02,89,77,5.17,RU,1680035955
393,sehithwa,-20.4667,22.7167,19.3,80,30,1.92,BW,1680035955
394,pangnirtung,66.1451,-65.7125,-11.0,73,100,2.57,CA,1680035955
395,miri,4.4148,114.0089,24.08,94,40,1.54,MY,1680035777
396,smalininkai,55.0735,22.5793,-1.31,70,12,5.41,LT,1680035956
397,swinford,53.95,-8.95,11.85,97,100,6.32,IE,1680035956
398,los chiles,11.0333,-84.7167,31.87,44,91,3.2,CR,1680035956
399,vila franca do campo,37.7167,-25.4333,15.23,90,93,9.45,PT,1680035784
400,the valley,18.217,-63.0578,27.92,69,40,5.66,AI,1680035825
401,glendive,47.1053,-104.7125,-5.14,63,0,4.12,US,1680035957
402,torbay,47.6666,-52.7314,1.82,88,75,6.17,CA,1680035680
403,san cristobal,7.7669,-72.225,24.1,52,70,1.4,VE,1680035957
404,dubinino,55.6192,89.0911,4.66,83,100,5.05,RU,1680035958
405,puerto ayacucho,5.6639,-67.6236,33.46,42,96,1.29,VE,1680035958
406,turtas,58.9417,69.1325,1.2,97,100,4.5,RU,1680035958
407,barahona,18.2085,-71.1008,30.9,58,20,9.26,DO,1680035958
408,malangwa,26.8568,85.5581,21.78,26,1,1.45,NP,1680035958
409,broome,42.2506,-75.833,8.27,58,75,5.14,US,1680035824
410,hami,42.8,93.45,11.84,18,3,2.79,CN,1680035840
411,lander,42.833,-108.7307,-1.78,60,100,2.06,US,1680035959
412,najran,17.4924,44.1277,24.36,26,46,1.44,SA,1680035959
413,mocuba,-16.8392,36.9856,21.25,98,76,1.04,MZ,1680035960
414,nicoya,10.1483,-85.452,33.34,41,78,3.68,CR,1680035915
415,wallacetown,-46.3333,168.2667,7.23,71,47,2.04,NZ,1680035960
416,edson,53.5835,-116.4356,2.08,27,0,1.03,CA,1680035757
417,zharkent,44.1628,80.0,11.15,32,0,1.62,KZ,1680035960
418,grindavik,63.8424,-22.4338,1.97,60,0,9.26,IS,1680035806
419,mizan teferi,6.9833,35.5833,17.8,80,74,1.13,ET,1680035961
420,otatitlan,18.2,-96.0333,38.34,29,0,6.82,MX,1680035961
421,vicente guerrero,19.1194,-98.1708,27.66,24,15,5.9,MX,1680035762
422,isangel,-19.55,169.2667,27.06,89,75,0.0,VU,1680035929
423,lahaina,20.8783,-156.6825,26.56,80,99,2.82,US,1680035961
424,xinzhou,38.4092,112.7333,9.68,32,0,0.58,CN,1680035961
425,dunedin,-45.8742,170.5036,8.22,74,100,0.89,NZ,1680035856
426,nichinan,31.6,131.3667,8.82,62,94,1.76,JP,1680035961
427,halifax,44.6453,-63.5724,5.94,53,75,6.17,CA,1680035499
428,cremona,45.2333,9.9333,11.32,50,6,0.71,IT,1680035962
429,narsaq,60.9167,-46.05,3.12,73,36,2.34,GL,1680035811
430,nosy varika,-20.5833,48.5333,24.26,84,100,5.16,MG,1680035962
431,alofi,-19.0595,-169.9187,26.94,83,75,3.09,NU,1680035755
432,puerto escondido,15.85,-97.0667,30.46,66,0,3.6,MX,1680035788
433,mastung,29.7994,66.845,13.09,61,100,2.82,PK,1680035963
434,le port,-20.9373,55.2919,24.0,90,52,1.14,RE,1680035777
435,northam,51.0333,-4.2167,11.81,97,100,4.31,GB,1680035963
436,barcelona,41.3888,2.159,14.83,70,20,5.66,ES,1680035767
437,toamasina,-18.1667,49.3833,24.0,94,75,3.09,MG,1680035963
438,union,40.6334,-74.2663,11.92,53,100,6.69,US,1680035963
439,kiruna,67.8557,20.2251,-20.49,84,93,1.54,SE,1680035963
440,poso,-1.3959,120.7524,24.21,86,100,1.35,ID,1680035963
441,gunjur,13.2019,-16.7339,26.04,61,0,3.09,GM,1680035964
442,nelson bay,-32.7167,152.15,20.05,97,100,3.13,AU,1680035753
443,daru,-9.0763,143.2092,26.88,82,90,2.94,PG,1680035964
444,khonsa,27.0167,95.5667,12.45,88,16,1.79,IN,1680035964
445,kangaatsiaq,68.3065,-53.4641,-18.76,97,71,1.99,GL,1680035965
446,empangeni,-28.762,31.8933,19.39,67,3,4.38,ZA,1680035965
447,spirovo,57.419,34.9766,2.8,91,92,4.36,RU,1680035965
448,kieta,-6.2167,155.6333,26.49,80,100,1.41,PG,1680035849
449,mitrofanovka,49.9708,39.6939,10.11,70,100,8.11,RU,1680035966
450,rio gallegos,-51.6226,-69.2181,8.03,39,75,9.26,AR,1680035768
451,marzuq,14.4,46.4667,23.8,67,39,1.52,YE,1680035966
452,xichang,27.8964,102.2634,9.76,86,97,1.54,CN,1680035808
453,vardo,70.3705,31.1107,-1.01,69,75,5.14,NO,1680035752
454,la asuncion,11.0333,-63.8628,25.47,75,97,8.54,VE,1680035714
455,ewa beach,21.3156,-158.0072,27.97,74,75,4.63,US,1680035967
456,peringat,6.0333,102.2833,26.97,89,20,1.54,MY,1680035967
457,mutoko,-17.397,32.2268,14.52,90,72,0.91,ZW,1680035967
458,lensk,60.7253,114.9278,-8.97,93,100,4.24,RU,1680035967
459,progreso,21.2833,-89.6667,35.62,54,99,6.57,MX,1680035968
460,rongcheng,30.634,117.8517,13.09,73,99,0.55,CN,1680035968
461,high level,58.5169,-117.136,-4.94,58,75,3.09,CA,1680035835
462,fare,-16.7,-151.0167,27.98,72,89,4.62,PF,1680035849
463,akcakoca,41.0866,31.1162,6.07,93,100,1.19,TR,1680035968
464,saint-pierre,-21.3393,55.4781,23.82,60,0,3.6,RE,1680035802
465,lianzhou,24.7811,112.3825,14.48,99,100,0.7,CN,1680035969
466,gao,16.6362,1.637,27.46,8,0,6.51,ML,1680035969
467,fountain hills,33.6117,-111.7174,26.41,15,0,3.6,US,1680035970
468,vacha,55.8008,42.7706,4.51,86,100,4.86,RU,1680035970
469,manta,-0.95,-80.7333,29.88,66,40,4.63,EC,1680035938
470,margate,51.3813,1.3862,8.72,75,100,3.13,GB,1680035806
471,muswellbrook,-32.2667,150.9,18.51,97,100,1.47,AU,1680035970
472,yar-sale,66.8333,70.8333,-26.26,100,65,2.29,RU,1680035592
473,grand gaube,-20.0064,57.6608,24.22,78,56,4.26,MU,1680035970
474,omboue,-1.5746,9.2618,25.69,85,100,2.13,GA,1680035971
475,mwingi,-0.9344,38.0601,21.28,76,96,0.66,KE,1680035971
476,apollonia,36.9716,24.7231,9.65,54,74,18.77,GR,1680035971
477,jiangdu,32.4286,119.5574,7.77,74,93,3.74,CN,1680035971
478,ambon,-3.6954,128.1814,24.08,94,40,2.06,ID,1680035749
479,matagami,49.7502,-77.6328,-0.94,34,0,0.0,CA,1680035971
480,igarka,67.4667,86.5833,-27.03,99,99,2.29,RU,1680035971
481,hofn,64.2539,-15.2082,-0.7,85,100,10.21,IS,1680035760
482,tomatlan,19.9333,-105.25,29.59,47,0,5.55,MX,1680035971
483,goderich,43.7501,-81.7165,5.18,45,93,2.06,CA,1680035788
484,mackay,-21.15,149.2,20.93,85,43,1.96,AU,1680035972
485,luderitz,-26.6481,15.1594,17.44,75,0,5.42,NA,1680035835
486,nuuk,64.1835,-51.7216,-3.66,54,0,6.69,GL,1680035843
487,kyren,51.6828,102.1408,-0.88,80,78,0.93,RU,1680035972
488,bambanglipuro,-7.95,110.2833,24.82,87,94,1.03,ID,1680035973
489,coruripe,-10.1256,-36.1756,26.13,79,8,5.09,BR,1680035700
490,plonsk,52.6235,20.3755,-0.98,54,34,5.78,PL,1680035973
491,olginskaya,47.1879,39.9492,11.63,89,100,3.54,RU,1680035973
492,ust-maya,60.4167,134.5333,-1.51,98,100,1.86,RU,1680035907
493,ahipara,-35.1667,173.1667,17.51,55,20,5.64,NZ,1680035854
494,amahai,-3.3333,128.9167,24.98,89,100,1.95,ID,1680035812
495,kirakira,-10.4544,161.9205,27.43,80,100,1.66,SB,1680035853
496,la rioja,42.25,-2.5,9.88,48,100,2.79,ES,1680035974
497,berlevag,70.8578,29.0864,-2.03,74,75,2.57,NO,1680035750
498,sayyan,15.1718,44.3244,16.45,59,73,3.26,YE,1680035974
499,verkhnevilyuysk,63.4453,120.3167,-21.39,97,81,2.49,RU,1680035626
500,quesada,10.3238,-84.4271,30.73,65,66,3.18,CR,1680035763
501,muros,42.7762,-9.0603,14.49,43,54,3.76,ES,1680035843
502,cairns,-16.9167,145.7667,22.81,100,8,1.03,AU,1680035805
503,artesia,33.8658,-118.0831,24.82,38,0,4.63,US,1680035975
504,bayji,34.9311,43.487,18.44,45,0,1.58,IQ,1680035975
505,longford,53.7333,-7.8,8.95,95,100,3.35,IE,1680035975
506,zubtsov,56.1753,34.5894,4.09,85,100,4.75,RU,1680035976
507,kamenka,51.3223,42.7678,9.11,62,100,6.43,RU,1680035976
508,atyrau,47.1167,51.8833,7.01,93,25,2.0,KZ,1680035976
509,aripuana,-9.1667,-60.6333,28.55,78,72,0.76,BR,1680035470
510,ixtapa,20.7,-105.2,25.57,57,0,4.63,MX,1680035976
511,port pirie,-33.1833,138.0167,17.3,81,36,4.72,AU,1680035976
512,teguldet,57.3064,88.1667,3.52,96,100,6.08,RU,1680035977
513,port blair,11.6667,92.75,26.02,89,40,1.03,IN,1680035795
514,seymchan,62.8833,152.4333,-20.37,96,47,2.1,RU,1680035977
515,rawson,-43.3002,-65.1023,20.46,29,60,1.84,AR,1680035838
516,oranjemund,-28.55,16.4333,16.42,93,0,4.18,NA,1680035771
517,mulege,26.8833,-111.9833,23.71,23,2,5.75,MX,1680035977
518,belmonte,-15.8631,-38.8828,25.84,76,26,3.33,BR,1680035978
519,kilifi,-3.6305,39.8499,26.84,86,99,3.3,KE,1680035978
520,beloha,-25.1667,45.05,17.41,70,0,2.18,MG,1680035817
521,horqueta,-23.3428,-57.0597,28.17,69,96,2.04,PY,1680035978
522,oktyabrskiy,54.4815,53.471,2.73,86,71,4.98,RU,1680035978
523,xapuri,-10.6517,-68.5044,26.52,93,74,1.36,BR,1680035978
524,marawi,7.9986,124.2928,20.53,97,100,0.69,PH,1680035979
525,half moon bay,37.4636,-122.4286,10.95,92,75,9.26,US,1680035838
526,bundaberg,-24.85,152.35,22.9,97,92,1.05,AU,1680035808
527,kant,27.8,79.8,21.63,34,4,1.85,IN,1680035979
528,tanggu,39.0211,117.6469,15.98,45,99,4.14,CN,1680035979
529,saint-vallier,46.6411,4.3711,8.58,69,100,0.87,FR,1680035979
530,sao gabriel da cachoeira,-0.1303,-67.0892,26.9,87,61,0.79,BR,1680035979
531,bon air,37.5249,-77.5578,17.17,49,100,3.09,US,1680035979
532,hartford,41.7668,-72.7662,10.34,49,100,1.79,US,1680035962
533,quartucciu,39.2519,9.1794,13.1,71,0,1.54,IT,1680035980
534,harbour breton,47.4833,-55.7983,2.22,77,100,3.44,CA,1680035980
535,burnie,-41.0667,145.9167,12.19,96,17,3.46,AU,1680035980
536,cordele,31.9635,-83.7824,19.84,96,100,3.09,US,1680035781
537,pagudpud,18.5616,120.7868,23.63,86,11,4.95,PH,1680035980
538,cape coast,5.1053,-1.2466,27.67,84,45,4.27,GH,1680035981
539,westport,41.1415,-73.3579,11.22,41,100,4.63,US,1680035960
540,kenai,60.5544,-151.2583,1.72,80,100,1.54,US,1680035692
541,green river,41.5286,-109.4662,3.22,54,50,2.24,US,1680035981
542,uribia,11.7139,-72.266,32.46,40,8,9.18,CO,1680035981
543,kaiwaka,-36.1667,174.45,14.84,53,51,5.02,NZ,1680035981
544,coihaique,-45.5752,-72.0662,4.34,87,100,3.09,CL,1680035828
545,ulladulla,-35.35,150.4667,19.16,88,82,3.12,AU,1680035982
546,general roca,-39.0333,-67.5833,24.23,18,92,13.57,AR,1680035830
547,vidim,56.4088,103.1106,-2.59,98,100,1.84,RU,1680035982
548,kapoeta,4.7717,33.5903,25.81,61,51,2.27,SS,1680035982
549,labuhan,-6.8844,112.2051,25.45,86,100,2.48,ID,1680035762
550,san quintin,30.4833,-115.95,17.84,52,0,6.09,MX,1680035982
551,ullapool,57.8987,-5.1604,7.42,95,100,2.99,GB,1680035982
552,constitucion,-35.3333,-72.4167,17.76,84,39,5.53,CL,1680035794
553,sibolga,1.7427,98.7792,24.01,90,70,1.81,ID,1680035846
554,kaduna,10.5222,7.4383,26.47,13,57,3.18,NG,1680035983
555,tortoli,39.9256,9.6572,10.9,93,0,2.57,IT,1680035984
